ReviewID,CustomerID,ProductID,Rating,ReviewDate,Comment
1,9,41,3,2025-04-25,Forward social idea catch expect politics fill issue bring student.
2,100,77,3,2023-11-21,We maintain decision join mean since recent theory head.
3,10,31,4,2025-05-23,And bank analysis mention world should total thousand sell three.
4,83,90,1,2024-01-17,Family why conference good will owner night artist.
5,80,94,4,2023-11-28,Political performance live author amount player by moment study possible friend action will.
6,24,82,5,2024-12-06,Drop yourself already strong stop check available card whether job matter.
7,87,50,5,2024-03-16,Professional away nice half campaign positive news language much science.
8,52,42,4,2024-11-14,Identify all wide set most pretty tax act something federal.
9,5,72,3,2024-07-11,Let more else interest myself morning field dark.
10,36,82,2,2025-08-23,Name trip recently significant open each.
11,1,73,1,2025-07-25,Name thing few year while take red road color western.
12,80,79,5,2023-10-12,Floor actually lead save music question choose full key.
13,96,59,2,2025-07-08,Window same per husband evening successful.
14,19,89,2,2024-02-04,Book key executive also prepare allow use letter here not treatment finally name.
15,92,2,2,2024-05-14,Address child into think might agreement provide get tend production.
16,61,60,5,2025-01-11,Argue anyone dinner into decade we.
17,56,3,4,2024-09-18,Debate region dinner still way skin.
18,11,14,5,2024-02-21,Address through agree family necessary by see.
19,81,8,2,2024-11-01,Employee phone billion never admit play buy voice somebody agency past focus.
20,30,54,2,2025-09-29,Structure turn in energy anyone one use discuss own.
21,10,49,3,2025-07-31,Brother community difference first usually what.
22,44,1,2,2024-03-19,Hit off relationship hour me manager factor party.
23,40,25,3,2025-05-30,Oil among person billion attention child age certain whole animal authority budget choose.
24,99,54,5,2024-11-04,Tree decide him send continue site top reveal hand public manager rise.
25,69,17,1,2024-04-24,Land campaign behavior Mrs himself garden none paper increase.
26,96,17,1,2024-01-30,Blood newspaper news shoulder explain each.
27,20,16,3,2025-01-15,Guy event already pretty alone represent.
28,8,14,5,2025-06-24,True finish upon others maintain vote always thing glass whose parent anyone than.
29,55,40,5,2025-09-02,West reflect choose choose cost a.
30,89,12,1,2024-07-30,Moment democratic goal land debate road kid ready.
31,82,19,2,2024-02-29,Near for deep hold way west interview left practice look case become side.
32,36,84,3,2024-01-05,Knowledge west also glass have reason throughout.
33,84,69,1,2025-09-22,Wait let year sister set approach production wear.
34,42,74,1,2024-03-03,Operation production society make after attention half.
35,20,27,5,2023-12-13,Chance leg type similar view shoulder culture race.
36,96,75,4,2025-04-09,Friend local behind everybody recent culture thank.
37,74,16,2,2025-04-16,Second poor seek size themselves structure task big skin page the onto.
38,96,1,1,2024-09-14,Save year pay contain of also put call system least entire themselves.
39,25,70,3,2025-01-12,Only artist say remember hour push two never next group whom most.
40,24,26,1,2025-03-17,Hand our long choose great open age reach cut.
41,70,31,4,2025-02-05,Majority huge watch even old office political name cup contain form officer.
42,54,77,4,2023-10-29,On glass him become page low sure she student left even together.
43,68,59,5,2025-09-15,Sure difference stuff star above field us upon section fund rate four now.
44,19,73,3,2025-05-12,Movie station address seven child interesting threat.
45,77,23,4,2024-10-01,Decade hot father always up financial identify finish determine someone PM.
46,65,2,3,2024-06-02,Meet cultural difference campaign writer rest individual nature meet visit decade.
47,92,91,5,2024-05-31,Conference join media really could standard at eye it course.
48,93,94,2,2025-07-26,Face view leader memory matter war I after.
49,68,51,3,2023-12-15,Worker soldier animal friend rule information room page work party.
50,75,68,1,2025-03-10,Time four trial state relate land level.
51,33,7,2,2024-12-24,Discussion wall rich hit black someone become.
52,31,48,2,2024-11-06,Group by old home stop minute week choice night.
53,43,7,5,2024-11-26,Happen while model arm visit present woman analysis TV unit plan.
54,11,74,3,2024-04-12,Security across stage main remember sometimes they charge plan hotel property wall idea.
55,17,5,3,2025-05-16,Travel individual popular nor soldier dinner.
56,26,3,2,2025-08-23,Institution adult professional area social light by.
57,2,5,1,2025-02-09,Head work worker above only air manager summer.
58,50,70,4,2024-03-01,Big five himself little crime set source suggest also medical one.
59,88,61,3,2024-01-19,Better weight lawyer impact lawyer sister miss place add important to finally.
60,53,3,2,2025-04-01,Item score effect difficult various husband right.
61,21,26,1,2024-06-24,Family through address cover room impact news stand seven sure remember board maybe.
62,55,93,2,2023-12-10,Similar interesting walk impact option fly parent herself send special.
63,68,61,2,2025-03-27,Six small develop answer hit however teach American.
64,55,17,5,2025-05-03,Theory full scientist old get understand.
65,30,85,4,2024-08-31,Exactly resource for thing yeah list book himself cold throughout financial course.
66,62,78,1,2024-06-20,Laugh space recognize American kind notice.
67,67,71,3,2024-01-16,Carry southern investment the high low skin present suffer shake.
68,50,48,4,2024-12-08,Truth who floor nor type eat cause spend six physical budget.
69,29,37,5,2024-07-07,Final newspaper loss difference image notice.
70,27,76,2,2023-10-08,Country our and impact tough whom southern perhaps even voice individual yard machine.
71,22,23,2,2024-03-13,Mrs allow conference international tree president pay.
72,7,24,1,2024-03-17,Central nature many foot source both candidate finally itself where.
73,62,95,4,2024-11-08,Discussion local particular hotel after compare painting.
74,49,76,4,2025-08-30,Technology center risk region realize share there authority best.
75,19,20,3,2025-04-14,Whole me mother authority Republican face travel quite wear next.
76,24,53,2,2024-02-28,Year role guess trip research write business paper budget protect.
77,6,59,3,2025-09-05,People movie spring side top business either ability.
78,38,59,4,2024-04-04,Within sister century station really program over remember go data.
79,62,25,5,2024-11-27,Friend idea note condition shake life media bit.
80,51,58,3,2024-12-01,Often option job simple something either event.
81,94,60,4,2025-06-26,Design guy entire baby mean couple Congress third around.
82,34,31,4,2023-11-25,Professor research strong be view economic.
83,91,6,4,2024-06-18,Collection ask hospital onto say teach chair.
84,17,87,3,2025-02-18,Million moment even south cover city west common quite.
85,38,26,4,2023-11-03,Every course billion side physical answer.
86,53,93,5,2024-10-28,Face guy reach most teacher value instead lay see better support.
87,49,37,2,2025-07-22,Visit plan life similar blood item system manage difficult just people plan glass safe.
88,4,8,4,2023-10-26,Seek trade affect manage what ready town visit production.
89,31,96,3,2025-08-10,Perhaps into boy less stock price degree.
90,20,52,2,2024-02-13,Country great meet cause cold lawyer scene accept want.
91,27,34,1,2024-10-19,Accept manager nation rather to decision real.
92,94,59,5,2023-10-18,Them have might hundred clear place final way window later hard teacher.
93,64,17,5,2025-06-22,Type those hit action truth follow poor environment home list.
94,63,62,4,2025-08-31,Operation a relationship resource argue interesting good international wrong.
95,97,58,5,2025-01-09,A policy short hotel beautiful operation others during too war fast.
96,88,100,5,2024-10-31,American I quickly parent month if.
97,84,46,1,2025-05-19,Compare add tree chance finally way tonight send.
98,97,7,2,2025-08-10,Care that knowledge together buy school candidate store store situation.
99,43,85,2,2024-09-14,In eye garden right human partner.
100,72,90,2,2024-05-06,Ability part heart color worker simply.
101,21,3,5,2024-02-28,From cultural choose civil style man both everyone last nice.
102,95,87,5,2024-10-17,Cold those party but this store treatment.
103,64,67,1,2024-10-27,Quickly affect simply than mind big.
104,44,87,5,2024-09-19,Upon language think term somebody activity cultural wear.
105,7,88,4,2023-11-15,Agency cell state friend coach sometimes.
106,100,3,2,2024-04-08,Foot at occur name improve much budget.
107,24,81,3,2025-07-04,Choose third shake number good around.
108,53,26,4,2024-06-02,Report understand choice operation impact yourself.
109,72,71,2,2025-05-24,Once media success rate entire involve job each effort section about condition.
110,94,3,2,2025-05-23,Television finally program executive teach memory president.
111,85,26,1,2025-07-13,Ability my per page action fish win draw.
112,99,30,2,2025-03-18,Deep support across walk someone federal create figure tough skill.
113,77,61,3,2024-03-21,Girl resource board role floor parent school right benefit future thought see.
114,40,28,2,2024-02-20,Wall manager candidate quickly in leave off foreign attack today first.
115,95,43,4,2025-04-23,Life me weight against between clearly central.
116,22,94,2,2024-07-23,Sing couple himself power table low perform while south section surface dog.
117,85,60,2,2024-08-30,Question picture bad employee sit north require.
118,58,37,4,2024-05-17,Town campaign tonight particular responsibility ten process under be particularly summer.
119,46,47,4,2024-07-01,Central customer situation factor case car pay morning east manager research.
120,36,34,5,2024-05-15,Forward claim ahead meet city yes evidence across want a already.
121,4,18,3,2023-11-04,Interesting traditional risk him style hundred my assume center according wonder price.
122,31,17,4,2024-09-18,Case read describe smile six many party school affect field when position officer.
123,52,40,3,2023-11-02,Agency think protect another brother security manager yeah manage.
124,1,47,5,2025-03-11,Me seat trip season speech market executive week yard change network.
125,84,83,3,2024-01-03,Could challenge laugh third president to.
126,81,97,2,2023-12-12,Do budget group husband administration evidence face style between year.
127,35,96,2,2025-02-10,Happen particular sea black measure toward form get.
128,73,67,2,2025-08-23,Environmental else story scientist group card attention imagine newspaper left.
129,87,7,3,2024-03-14,Save network win federal too lose account ask along good style.
130,62,44,1,2024-10-30,Practice usually it behind always long situation though son data themselves a respond.
131,81,91,2,2024-12-19,Boy house field future firm throughout mother off.
132,78,11,3,2024-01-31,Yard most executive benefit collection record.
133,28,22,4,2025-07-13,Executive force whom try safe situation prove state may audience event.
134,40,85,2,2024-09-25,Have project industry condition eye then rock.
135,4,5,2,2024-09-02,Mother agent down card boy allow accept community establish anyone especially.
136,88,65,3,2025-03-02,Off later model into produce set person down partner blue.
137,1,79,2,2023-12-31,Interview call result thing education new impact mind prove available time technology.
138,55,84,2,2025-07-07,Research interview about executive say difficult.
139,9,6,3,2024-06-24,Forget anything item bill return player around.
140,37,31,1,2025-09-14,East court but win under be sell money.
141,2,11,5,2024-11-27,Beyond state east boy interview way card why current blood whether stock.
142,93,98,5,2024-09-21,Then rate speak memory sing question each.
143,84,8,2,2023-11-06,Trade official trouble research media project ahead level growth summer money adult billion.
144,9,100,5,2024-06-01,Water get attention tend can get music official general notice sound.
145,60,98,2,2025-09-21,Smile far role yes structure able defense morning provide drop research.
146,18,78,5,2024-03-03,Lay market myself purpose picture what such miss fire until bit.
147,100,99,4,2025-01-19,Leave these his hot seem cost commercial card moment.
148,81,19,2,2025-03-03,Fear bar check different unit word.
149,44,41,3,2024-09-20,Environment free late suddenly we identify line.
150,22,11,5,2024-07-31,Pay sort firm physical participant base west about certain movie.
